【合租】望京 康营家园23期 3室主卧,康营家园23期,https://legoclick.58.com/cpaclick?target=szqBpB3draOWUvYf0A-80A7Guvq8uL-ds1nvrjE3P1mzPHT1nH9LXaO1pZwVUT7bsyRhnAc3rjFbsHnOuhNVPjwbmidBujDYsH-BPjDYmvDvrH6WnEDYPjmLPjTOnWNLn1bLPTDKn1m3Pj9LPWcdnjnQrj0KPWTknjTkTHmknjTknTDLnjD1PTDQnWT1THDdP1TQrHTdPWbLPj9KnE7AEzdEEzdBIgGdTHDKnEDKsHDKTHcYrHDQPHnznjmdPH93rTDkTHDQnWc3rWcknjKxn1TknTDQTHcdrjDzm16BsHbQmvDVPjEdPadBmW0zsHI-nWK6nH6-rAFBPEDQnj9vPHDLPWTkP1TQnHnvrjbvTHDkrjmdnH0vnjTvPjmvnHTOPjEKTHEzrjcKnEDQsWTKTiYKTE7CIZwk01CfsvFJsWN3shPfUiqLmyOMph-8uzqkpyOkmy-MUvOMXgNf5vdGUMKzpyP-5HcknjKxn1TknTDKnHDLsWD1PB3dPz3QPHnKnTDkTHD8nTDQsjEzrjcKXLYKnHTknjmKnHTknWD1PED3nWNLnW--nBd6PjKbsHEYPhDVrHTQuiYYn1m3nWF-uhw6PANKTHTKTEDkTE7WnjK6ujRWnycknWDQuA7-&tid=825729e2-a40d-446a-901e-436822efda4e&slotid=1002135
【合租】望京 利泽西园 4室主卧,利泽西园,https://legoclick.58.com/cpaclick?target=szqBpB3draOWUvYf0A-80A7Guvq8uL-ds1nOPWEYn1mOnW9YPWc1XaO1pZwVUT7bsyRhnAc3rjFbsHnOuhNVPjwbmidBujDYsH-BPjDYmvDvrH6WnEDvnHmOrjNOrHm1PjDLrTDKn1bvPjE1PWbzrjEvnWnKPWTknjTkTHmknjTknTDLnjD1PTDQnWT1THDdP1TQrHTdPWbLPj9Kn97AEzdEEzdBIgGdTHDKnEDKsHDKTHDQnjTzP1mYPjbOPjN3PH9kPj9KnTDQnHczrjCznjTkg1nknjTKnEDOPvckPWcQriYzryP-sHEOmhDVmyN1uadhP17BuymLujNknvcKnHDLrjDzPjTYn1m1PHmvPWbYPEDQnH03nHcYnjE1PHm3PHmznH0vTEDYnW9zTHDKni3kTEDVTEDKpZwY0ZnlszqBpB3draOWUvYfIv78uvGGUh0f0A-80A7Guvq8uL-ds1qVpyOk0h-WuHYznjTkg1nknjTKTHDQPz3Qn1m8PH08nHN1THTKnTDQsWTKnikYnW9zTgVqTHDknjTvTHDknjcQn1NKmHTdn1nLmHbVnjE3nzYYPyNOsy7-nj9VPWcLrH01njN1PANLTEDkTEDKnTDKP1DYuHKWPANdm16WryPhP9&tid=a05337a9-0483-45e9-ae08-6279730534e7&slotid=1002135
【合租】望京 京旺家园一区 3室主卧,京旺家园一区,https://legoclick.58.com/cpaclick?target=szqBpB3draOWUvYf0A-80A7Guvq8uL-ds1nOnjTLPjcLnWbdrj9dXaO1pZwVUT7bsyRhnAc3rjFbsHnOuhNVPjwbmidBujDYsH-BPjDYmvDvrH6WnEDvn193PW0LPW0kn1cYrTDKn1bknj0YnW0zrHN3rjNKPWTknjTkTHmknjTknTDLnjD1PTDQnWT1THDdP1TQrHTdPWbLPj9Knk7AEzdEEzdBIgGdTHDKnEDKsHDKTHDQn1nznjcvnWb1PHb1nWDkrj9KnTDQnHczrjCznjTkg1nknjTKnEDdP1K-ujbvmidWnj0LsHw-nAnVmWu-uiYkmvN3uhNLPhDOPyDKnHDdP1cdnW0zrjNvPHNYnWbQn9DQnHNLnWNzP1c3Pj0LPjmzPHc3TEDYnW9zTHDKni3kTEDVTEDKpZwY0ZnlszqBpB3draOWUvYfIv78uvGGUh0f0A-80A7Guvq8uL-ds1qVpyOk0h-WuHYznjTkg1nknjTKTHDQPz3Qn1m8PH08nHN1THTKnTDQsWTKnikYnW9zTgVqTHDknjTvTHDknjcQn1NKuhnLn1FWm1DVrjmYmiYYnjEOsHbLrjcVuhFhuynOuH01mhuhTEDkTEDKnTDKnvF-P1RbmH03PvmkPHNkmE&tid=fc732cc1-864a-4049-9782-fbfec9e73bff&slotid=1002135
【合租】望京 星源国际公寓 4室次卧,星源国际公寓,https://legoclick.58.com/cpaclick?target=szqBpB3draOWUvYf0A-80A7Guvq8uL-ds1nOPH9OrjcLPWmYPWm3XaO1pZwVUT7bsyRhnAc3rjFbsHnOuhNVPjwbmidBujDYsH-BPjDYmvDvrH6WnEDvPjn1njEkrHDOrjndPTDKn1bdrjb3nW0vPWEvPW9KPWTknjTkTHmknjTknTDLnjD1PTDQnWT1THDdP1TQrHTdPWbLPj9KPT7AEzdEEzdBIgGdTHDKnEDKsHDKTHDQPjTYPHbOnWNLPj0dPjEkPWNKnTDQnHczrjCznjTkg1nknjTKnEDkujmOm19znidWPH9dsHEvnj0VrjubmzYzmHbknj0zPjcOPynKnHDLPWn1PW9zn1bYnHmkP1EzPTDQnH0vn1nvrjc1rjbQnW0Orj0zTEDYnW9zTHDKni3kTEDVTEDKpZwY0ZnlszqBpB3draOWUvYfIv78uvGGUh0f0A-80A7Guvq8uL-ds1qVpyOk0h-WuHYznjTkg1nknjTKTHDQPz3Qn1m8PH08nHN1THTKnTDQsWTKnikYnW9zTgVqTHDknjTvTHDknjcQn1NKnWbQrAmQuHNVnW9LmBYYmyEksyF-PjTVPWw-P1bdnhndPWczTEDkTEDKnTDKPWDYmHmkuWEQmW-6mW0YnE&tid=2918f1e5-287b-4ad0-be40-64e7952c5622&slotid=1002135
【合租】望京 康营家园15期 3室主卧,康营家园15期,https://legoclick.58.com/cpaclick?target=szqBpB3draOWUvYf0A-80A7Guvq8uL-ds1nvrjTznW9kPjDdPHcLXaO1pZwVUT7bsyRhnAc3rjFbsHnOuhNVPjwbmidBujDYsH-BPjDYmvDvrH6WnEDYPjmLPjTOnWNLn1bLPTDKn1m3njczrjTYnHNdnW0KPWTknjTkTHmknjTknTDLnjD1PTDQnWT1THDdP1TQrHTdPWbLPj9KPE7AEzdEEzdBIgGdTHDKnEDKsHDKTHcYrHDQPHnznjmdPH93rTDkTHDQnWc3rWcknjKxn1TknTDQTH7buARWujcdsH7WnjNVPj-buadBPj66syNdmvDzuWndm10vmEDQnj9YrHbYPj0dPj93PjNvP1TYTHDkrjEOrHEYP1N1nWE3rjcOPjEKTHEzrjcKnEDQsWTKTiYKTE7CIZwk01CfsvFJsWN3shPfUiqLmyOMph-8uzqkpyOkmy-MUvOMXgNf5vdGUMKzpyP-5HcknjKxn1TknTDKnHDLsWD1PB3dPz3QPHnKnTDkTHD8nTDQsjEzrjcKXLYKnHTknjmKnHTknWD1PE76P19OPAu-uBY1n1F6sHEdnAmVrHEOnzdbmvu6PHEvrH-Bn1cKTHTKTEDkTE7-rjbdnWRWPjE1rHNOmvP6&tid=a7894fef-332a-450f-9493-dcfa54699b32&slotid=1002135
【合租】望京 康营家园25期 3室次卧,康营家园25期,https://legoclick.58.com/cpaclick?target=szqBpB3draOWUvYf0A-80A7Guvq8uL-ds1nvrjEOPHnOPHDQnj0zXaO1pZwVUT7bsyRhnAc3rjFbsHnOuhNVPjwbmidBujDYsH-BPjDYmvDvrH6WnEDYPjmLPjTOnWNLn1bLPTDKn1m3Pjbdn1bdnHDkP1cKPWTknjTkTHmknjTknTDLnjD1PTDQnWT1THDdP1TQrHTdPWbLPj9KP97AEzdEEzdBIgGdTHDKnEDKsHDKTHcYrHDQPHnznjmdPH93rTDkTHDQnWc3rWcknjKxn1TknTDQTHPbuy7-nW-6sH9YmhNVPAD1nad6P1DzsH9znjTzmHu-mvuhrTDQnj9vPHE1njmQPWTLnjTvnWT3THDkrjmdPjnkPWDdPHcYrjTzPHmKTHEzrjcKnEDQsWTKTiYKTE7CIZwk01CfsvFJsWN3shPfUiqLmyOMph-8uzqkpyOkmy-MUvOMXgNf5vdGUMKzpyP-5HcknjKxn1TknTDKnHDLsWD1PB3dPz3QPHnKnTDkTHD8nTDQsjEzrjcKXLYKnHTknjmKnHTknWD1PED3nyD3rjb3nzYvnjEdsHEOnWmVmhmOnBYLryuBryDLnAFbP1nKTHTKTEDkTE7hrHDOnAEdrjE1nju-mH9O&tid=81a88983-6045-4926-bf92-79fb9a70bd73&slotid=1002135
【合租】望京 康营家园29期 3室次卧,康营家园29期,https://legoclick.58.com/cpaclick?target=szqBpB3draOWUvYf0A-80A7Guvq8uL-ds1nvrjEOPWnLn1DQnWN1XaO1pZwVUT7bsyRhnAc3rjFbsHnOuhNVPjwbmidBujDYsH-BPjDYmvDvrH6WnEDYPjmLPjTOnWNLn1bLPTDKn1m3Pjbvn101nHDzPHnKPWTknjTkTHmknjTknTDLnjD1PTDQnWT1THDdP1TQrHTdPWbLPj9KPk7AEzdEEzdBIgGdTHDKnEDKsHDKTHcYrHDQPHnznjmdPH93rTDkTHDQnWc3rWcknjKxn1TknTDQTHu6m1mLrAm3sH0YP1EVPAmkraYOPj6WsyEOuj9vnWIBuhDvrEDQnj9vPHEvnWmvnWE3nHbvnjbvTHDkrjmdPjmzPWmQnWmdPWN1P1mKTHEzrjcKnEDQsWTKTiYKTE7CIZwk01CfsvFJsWN3shPfUiqLmyOMph-8uzqkpyOkmy-MUvOMXgNf5vdGUMKzpyP-5HcknjKxn1TknTDKnHDLsWD1PB3dPz3QPHnKnTDkTHD8nTDQsjEzrjcKXLYKnHTknjmKnHTknWD1PEDOnhwbnWFBniY3m1n1sHE1PjmVrjIBPBYQn1bOnj0dnHubuj0KTHTKTEDkTE7hnAn1uHmknjmOujEOrjNz&tid=92dd22b1-8c33-4346-87b6-139907516dd7&slotid=1002135
【合租】望京 康营家园23期 3室主卧,康营家园23期,https://legoclick.58.com/cpaclick?target=szqBpB3draOWUvYf0A-80A7Guvq8uL-ds1nvrjE3P1DYrHEdPH01XaO1pZwVUT7bsyRhnAc3rjFbsHnOuhNVPjwbmidBujDYsH-BPjDYmvDvrH6WnEDYPjmLPjTOnWNLn1bLPTDKn1m3Pj9LnHEOPjNdP1nKPWTknjTkTHmknjTknTDLnjD1PTDQnWT1THDdP1TQrHTdPWbLPj9KrT7AEzdEEzdBIgGdTHDKnEDKsHDKTHcYrHDQPHnznjmdPH93rTDkTHDQnWc3rWcknjKxn1TknTDQTH9OrHcLPhmzsHbvrjcVPj6hnaY3mv7BsH7BnAEzuH0vmWcYnTDQnj9vPHDvnjEznjmYnWDQrHm3THDkrjmdnHmkPjcQnH9LPjcknHmKTHEzrjcKnEDQsWTKTiYKTE7CIZwk01CfsvFJsWN3shPfUiqLmyOMph-8uzqkpyOkmy-MUvOMXgNf5vdGUMKzpyP-5HcknjKxn1TknTDKnHDLsWD1PB3dPz3QPHnKnTDkTHD8nTDQsjEzrjcKXLYKnHTknjmKnHTknWD1PED3n1T1uH91mBYOmH7-sHEQPj0VryPhniYdmWEvnWuBP1TznAEKTHTKTEDkTE7BrjDkPWF6nvcYPj-hrHR6&tid=8303e83b-9a1e-4147-9cf1-5b4626b7020d&slotid=1002135
【合租】望京 康营家园25期 3室主卧,康营家园25期,https://legoclick.58.com/cpaclick?target=szqBpB3draOWUvYf0A-80A7Guvq8uL-ds1nvrjmkn1czn1cvrjTLXaO1pZwVUT7bsyRhnAc3rjFbsHnOuhNVPjwbmidBujDYsH-BPjDYmvDvrH6WnEDYPjmLPjTOnWNLn1bLPTDKn1m3PWT1nWc1nWm3nj0KPWTknjTkTHmknjTknTDLnjD1PTDQnWT1THDdP1TQrHTdPWbLPj9KrE7AEzdEEzdBIgGdTHDKnEDKsHDKTHcYrHDQPHnznjmdPH93rTDkTHDQnWc3rWcknjKxn1TknTDQTynOmWE1PHTdsyEkm1DVPA7hmBY3PyR6symduynkPHnzm1D3PkDQnj9vrjbvn1bzrjbzn1cOrH9YTHDkrjm3rHm1rHc3nWNznWDQnWTKTHEzrjcKnEDQsWTKTiYKTE7CIZwk01CfsvFJsWN3shPfUiqLmyOMph-8uzqkpyOkmy-MUvOMXgNf5vdGUMKzpyP-5HcknjKxn1TknTDKnHDLsWD1PB3dPz3QPHnKnTDkTHD8nTDQsjEzrjcKXLYKnHTknjmKnHTknWD1PED3rHb1myDduaYdPH6BsHEOPWnVrH7-raY3PyEYuj66uyckuyNKTHTKTEDkTEDYPj9znvFhujnvPyFWuHcv&tid=8993aa5d-558b-4963-91e8-85d4d8aeb0ee&slotid=1002135
【合租】望京 康营家园17期 3室主卧,康营家园17期,https://legoclick.58.com/cpaclick?target=szqBpB3draOWUvYf0A-80A7Guvq8uL-ds1nvrjE3rHnQPjnkrjD3XaO1pZwVUT7bsyRhnAc3rjFbsHnOuhNVPjwbmidBujDYsH-BPjDYmvDvrH6WnEDYPjmLPjTOnWNLn1bLPTDKn1m3Pj9On1DYn1T3nH9KPWTknjTkTHmknjTknTDLnjD1PTDQnWT1THDdP1TQrHTdPWbLPj9KnHTKwbnVNDnVmMRlIEDQTHDKTiYQTEDzPjbQnHN1nWTvPHN3rj9KnTDQnHczrjCznjTkg1nknjTKnE76rjD3mWEkuid6rANzsHEvmhnVrj76nzYvrAD1PAP6nANdn1DKnHT3PWNzn1D1PHbOPHEzPj0vrTDQnj9vPHc1nHnvnjEOrHNYrjDvTEDYnW9zTHDKni3kTEDVTEDKpZwY0ZnlszqBpB3draOWUvYfIv78uvGGUh0f0A-80A7Guvq8uL-ds1qVpyOk0h-WuHYznjTkg1nknjTKTHDQPz3Qn1m8PH08nHN1THTKnTDQsWTKnikYnW9zTgVqTHDknjTvTHDknjcQn1NKmHNLuhuBnvNVrAn1PBYYP1mYsHb3PHEVnhD1mvuBmHPbPyPbTEDkTEDKnTDKnHI6PWmOmvmQryDkn1DYrE&tid=a57ffb3e-8c36-4764-9854-2a3cfba3d5cd&slotid=1002135
【合租】望京 利泽西园 4室主卧,利泽西园,https://legoclick.58.com/cpaclick?target=szqBpB3draOWUvYf0A-80A7Guvq8uL-ds1nOnWndrjN1PW93P1c3XaO1pZwVUT7bsyRhnAc3rjFbsHnOuhNVPjwbmidBujDYsH-BPjDYmvDvrH6WnEDvnHmOrjNOrHm1PjDLrTDKn1bzn1N3PHnvrj9LnW9KPWTknjTkTHmknjTknTDLnjD1PTDQnWT1THDdP1TQrHTdPWbLPj9KnHDKwbnVNDnVmMRlIEDQTHDKTiYQTEDQnHTknW0vPjEOrHEdrjN3njE3THTKnHDznW9lnWTkn7t1njTkTHDKn1EvPADYPvcVnju6naYYmhmQsH-BPymVuHnvmW7WPWRBryDdTHDQPWELn103njEvP1cOP1TLPHnKnHDvPj01P19kPjNOP1ELn1c3nTDKPjc3n9DQTHD8nTDKsEDKTy6YIZK1rBtfmhC8PH98mvqVsLI6UhIJpyOMsLKGUMK6pyIfUhIOIit4Uy-80ZFGmvNqnWTkn7t1njTkTEDQnH08nHnvsWNLsWDdnkDkTHTKni3kTHD_Pjc3n97exEDQnjTkP9DQnjTznHndTyE3nHc1n1DOsHFWPjNVPjTknBYOuyRbsyndm1-BujE1mvNLn9DKnTDKTHTKTHndmhwbrHckmWcQrywBnhc&tid=d8123319-2c45-4002-9eed-c5c9bd43ce72&slotid=1002135
【合租】望京 南湖中园一区 3室次卧,南湖中园一区,https://legoclick.58.com/cpaclick?target=szqBpB3draOWUvYf0A-80A7Guvq8uL-ds1nOP1TQPWnYrHn1rHTOXaO1pZwVUT7bsyRhnAc3rjFbsHnOuhNVPjwbmidBujDYsH-BPjDYmvDvrH6WnEDYPjmLPjT3P1mYnH9LrTDKn1bLnjDvn1EOn1nOnjbKPWTknjTkTHmknjTknTDLnjD1PTDQnWT1THDdP1TQrHTdPWbLPj9KnHcKwbnVNDnVmMRlIEDQTHDKTiYQTEDzPjbQnHNzrHNznWbOPWTKnTDQnHczrjCznjTkg1nknjTKnE7bnyP-nHEkuiY1P1EOsHEvn10VmH-hnid-njELPAwbuj6Bnj0KnHD3njTknjNzPjEznW93PHnLP9DQnH9knjTkPHcYn1NOrH0YrHDzTEDYnW9zTHDKni3kTEDVTEDKpZwY0ZnlszqBpB3draOWUvYfIv78uvGGUh0f0A-80A7Guvq8uL-ds1qVpyOk0h-WuHYznjTkg1nknjTKTHDQPz3Qn1m8PH08nHN1THTKnTDQsWTKnikYnW9zTgVqTHDknjTvTHDknjcQn1NKP1EkmvDQrH0VnHDOmBYYmWuWsy7huWTVrHFhPjT1uAu-uj0zTEDkTEDKnTDKrHEYPH9OuWwBPyEdPj91rT&tid=740ca197-119b-4b6c-aff0-92f403dfed72&slotid=1002135
【合租】望京 南湖东园二区 3室次卧,南湖东园二区,https://legoclick.58.com/cpaclick?target=szqBpB3draOWUvYf0A-80A7Guvq8uL-ds1nOPWbOnWnzPjE1njcYXaO1pZwVUT7bsyRhnAc3rjFbsHnOuhNVPjwbmidBujDYsH-BPjDYmvDvrH6WnEDYPjmLPjT3P1mYnH9LrTDKn1bvrHbzn1cYPjnknWEKPWTknjTkTHmknjTknTDLnjD1PTDQnWT1THDdP1TQrHTdPWbLPjbKnHnKwbnVNDnVmMRlIEDQTHDKTiYQTEDzPjbQnHNzrHNznWbOPWTKnTDQnHczrjCznjTkg1nknjTKnE7WuHDLPj9LPiYOnjRWsHw-PW0VryuhPzYOPWTvuWckrAmdPjmKnHDLrHbznH0OrHNknHTLnjn1P9DQnH0OrHcQP1bOPjEzn1Nknj9kTEDYnW9zTHDKni3kTEDVTEDKpZwY0ZnlszqBpB3draOWUvYfIv78uvGGUh0f0A-80A7Guvq8uL-ds1qVpyOk0h-WuHYznjTkg1nknjTKTHDQPz3Qn1m8PH08nHN1THTKnTDQsWTKnikYnW9zTgVqTHDknjTvTHDknjcQn1NKPWbzP1FbmH0Vm1I-miYYmhNOsyFhnj0VPWFBryNQnWIbrHuhTEDkTEDKnTDKnvmOrHw-nWEYuHbYuHF-P9&tid=69272da7-c7ea-4be9-bf07-62b9e127d96f&slotid=1002135
【合租】望京 望京西园二区 5室次卧,望京西园二区,https://legoclick.58.com/cpaclick?target=szqBpB3draOWUvYf0A-80A7Guvq8uL-ds1nOP1TzrHNOP1b3PWbQXaO1pZwVUT7bsyRhnAc3rjFbsHnOuhNVPjwbmidBujDYsH-BPjDYmvDvrH6WnEDYPjmLPjT3rjDOrjmLrTDKn1bLnjcOPHbLrH9vrHDKPWTknjTkTHmknjTknTDLnjD1PTDQnWT1THDdP1TQrHTdPWbLPjbKnHEKwbnVNDnVmMRlIEDQTHDKTiYQTEDzPjbQnHNQrHmQPjDdrjEKnTDQnHczrjCznjTkg1nknjTKnEDQPj0vnhFhPzYLmvcdsHw6nWbVrAcYmBdWm1-Wmymdmvw6uANKnHD3njTYn1b1P103PjNYnHD3PTDQnH9knjE1rHnLP1DLPjnzn1ckTEDYnW9zTHDKni3kTEDVTEDKpZwY0ZnlszqBpB3draOWUvYfIv78uvGGUh0f0A-80A7Guvq8uL-ds1qVpyOk0h-WuHYznjTkg1nknjTKTHDQPz3Qn1m8PH08nHN1THTKnTDQsWTKnikYnW9zTgVqTHDknjTvTHDknjcQn1NKmW-huymLnvcVPynQuBYYPjnQsyF-uyEVmWDvn1bLrjDOPj9kTEDkTEDKnTDKrHNkrH0zPhPhuhPbmvEdu9&tid=b9fef73b-5c1f-4431-beed-b16397819480&slotid=1002135
【合租】望京 利泽西园 4室次卧,利泽西园,https://legoclick.58.com/cpaclick?target=szqBpB3draOWUvYf0A-80A7Guvq8uL-ds1n3P1TYn19LnHTLnWnLXaO1pZwVUT7bsyRhnAc3rjFbsHnOuhNVPjwbmidBujDYsH-BPjDYmvDvrH6WnEDYPjmLPjT3rjDOrjmLrTDKn19LnjE1rj0Qnj0zn10KPWTknjTkTHmknjTknTDLnjD1PTDQnWT1THDdP1TQrHTdPWbLPjbKnHNKwbnVNDnVmMRlIEDQTHDKTiYQTEDzPjbQnHNQrHmQPjDdrjEKnTDQnHczrjCznjTkg1nknjTKnE7WnjNdPjwhnidbnhNQsHEvPjnVmhcOnzd-mycvPvuBPHI-m1cKnHDYP1nznW0kP101njcdnH0LP9DQnHELn1czP1TLPW0dP1cdrjcYTEDYnW9zTHDKni3kTEDVTEDKpZwY0ZnlszqBpB3draOWUvYfIv78uvGGUh0f0A-80A7Guvq8uL-ds1qVpyOk0h-WuHYznjTkg1nknjTKTHDQPz3Qn1m8PH08nHN1THTKnTDQsWTKnikYnW9zTgVqTHDknjTvTHDknjcQn1NKnhF6PjELnjNVujmLnaYYrjnQsH-hnHnVuj91nvFbPvcdPvDLTEDkTEDKnTDKrADOn1n3rj-6rANYPHTQPk&tid=2ba44705-d670-4831-9f13-d833bd7b57a7&slotid=1002135
【合租】望京 望京西园四区 4室次卧,望京西园四区,https://legoclick.58.com/cpaclick?target=szqBpB3draOWUvYf0A-80A7Guvq8uL-ds1nOPHczrH9QrjT1njEzXaO1pZwVUT7bsyRhnAc3rjFbsHnOuhNVPjwbmidBujDYsH-BPjDYmvDvrH6WnEDYPjmLPjT3rjDOrjmLrTDKn1bdnWcOrjD3njnkPjcKPWTknjTkTHmknjTknTDLnjD1PTDQnWT1THDdP1TQrHTdPWbLPjbKnHmKwbnVNDnVmMRlIEDQTHDKTiYQTEDzPjbQnHNQrHmQPjDdrjEKnTDQnHczrjCznjTkg1nknjTKnEDzPhEzPvDLnzdBnWbzsHEvmHDVmW7hnBYzujD3PhEQPywBrADKnHDLPjDYPWEQrjm1njcQn1m1n9DQnH0YnHEvPjD3PH0Orj0Lrj93TEDYnW9zTHDKni3kTEDVTEDKpZwY0ZnlszqBpB3draOWUvYfIv78uvGGUh0f0A-80A7Guvq8uL-ds1qVpyOk0h-WuHYznjTkg1nknjTKTHDQPz3Qn1m8PH08nHN1THTKnTDQsWTKnikYnW9zTgVqTHDknjTvTHDknjcQn1NKnyndPWmYPAcVPhwBPBYYPAcdsH6bmWNVuHE1uyEdrjTvmWDkTEDkTEDKnTDKuAEzuH-6uhFbrHD3uAEQmk&tid=1c56644b-6db6-44b5-8db5-e43ed5806b10&slotid=1002135
【合租】望京 望京西园二区 5室次卧,望京西园二区,https://legoclick.58.com/cpaclick?target=szqBpB3draOWUvYf0A-80A7Guvq8uL-ds1nOP1TzrHNOP1bOrjE1XaO1pZwVUT7bsyRhnAc3rjFbsHnOuhNVPjwbmidBujDYsH-BPjDYmvDvrH6WnEDYPjmLPjT3rjDOrjmLrTDKn1bLnjcOPHbLrHb3PjnKPWTknjTkTHmknjTknTDLnjD1PTDQnWT1THDdP1TQrHTdPWbLPjbKnH0KwbnVNDnVmMRlIEDQTHDKTiYQTEDzPjbQnHNQrHmQPjDdrjEKnTDQnHczrjCznjTkg1nknjTKnEDYm1EQryD3nad-uhmYsHwBrjNVmhPbraY1nh76mH9kPHmvrj9KnHD3njTYn1b1P1m3rjTLPWc3rTDQnH9knjE1rHnLPWcdnHmQP1c3TEDYnW9zTHDKni3kTEDVTEDKpZwY0ZnlszqBpB3draOWUvYfIv78uvGGUh0f0A-80A7Guvq8uL-ds1qVpyOk0h-WuHYznjTkg1nknjTKTHDQPz3Qn1m8PH08nHN1THTKnTDQsWTKnikYnW9zTgVqTHDknjTvTHDknjcQn1NKm1KbuyP-mWTVmHTkuBYYP1P6sH6bP1cVuHmLmHPBrH0znhELTEDkTEDKnTDKn101rHmkujwbP1RBrAm3Pk&tid=c0deceb0-a00f-473a-8d72-e67a3b9722d7&slotid=1002135
【合租】望京 望京西园二区 4室次卧,望京西园二区,https://legoclick.58.com/cpaclick?target=szqBpB3draOWUvYf0A-80A7Guvq8uL-ds1n3PHT3PWEYnjmQn1cYXaO1pZwVUT7bsyRhnAc3rjFbsHnOuhNVPjwbmidBujDYsH-BPjDYmvDvrH6WnEDYPjmLPjT3rjDOrjmLrTDKn19dnj9vPjEkPWD1nWEKPWTknjTkTHmknjTknTDLnjD1PTDQnWT1THDdP1TQrHTdPWbLPjbKnH9KwbnVNDnVmMRlIEDQTHDKTiYQTEDzPjbQnHNQrHmQPjDdrjEKnTDQnHczrjCznjTkg1nknjTKnED1P1IWm1F6riYLPAF-sHEznhnVmH9QuBYzn1FBrADOm1NknycKnHDYnjbkrjNOrHNdPWEdnWndn9DQnHEkrHT3PHbOPHTQrHnkPjbvTEDYnW9zTHDKni3kTEDVTEDKpZwY0ZnlszqBpB3draOWUvYfIv78uvGGUh0f0A-80A7Guvq8uL-ds1qVpyOk0h-WuHYznjTkg1nknjTKTHDQPz3Qn1m8PH08nHN1THTKnTDQsWTKnikYnW9zTgVqTHDknjTvTHDknjcQn1NKrjK-uHKWmyEVnANkuiYYmy7BsyDvrHcVnWTkPAF-nvcOPHmYTEDkTEDKnTDKmWK-PjKhPHDzmhDdPHndu9&tid=80ee0cad-0e0e-4aab-a692-2004be3b9564&slotid=1002135
【合租】望京 望京西园四区 4室次卧,望京西园四区,https://legoclick.58.com/cpaclick?target=szqBpB3draOWUvYf0A-80A7Guvq8uL-ds1nOPHczrH9QrjTznWmdXaO1pZwVUT7bsyRhnAc3rjFbsHnOuhNVPjwbmidBujDYsH-BPjDYmvDvrH6WnEDYPjmLPjT3rjDOrjmLrTDKn1bdnWcOrjD3njczPWNKPWTknjTkTHmknjTknTDLnjD1PTDQnWT1THDdP1TQrHTdPWbLPjbKnHbKwbnVNDnVmMRlIEDQTHDKTiYQTEDzPjbQnHNQrHmQPjDdrjEKnTDQnHczrjCznjTkg1nknjTKnE7brjckuhczPBYdnWcOsHELPjmVrHFbnadbPAPWPymkuA76mvEKnHDLPjDYPWEQrjmQP1mzPWmzPEDQnH0YnHEvPjD3PHNYP1DznjmdTEDYnW9zTHDKni3kTEDVTEDKpZwY0ZnlszqBpB3draOWUvYfIv78uvGGUh0f0A-80A7Guvq8uL-ds1qVpyOk0h-WuHYznjTkg1nknjTKTHDQPz3Qn1m8PH08nHN1THTKnTDQsWTKnikYnW9zTgVqTHDknjTvTHDknjcQn1NKnjN1n1-buhDVPj0zuBYYn1DLsHbOnHbVn10zuyNzP1IhPhFhTEDkTEDKnTDKuAnkrynLnHPWm1FWuWu-Pk&tid=05339dfa-472f-4317-9919-372ee277f6bf&slotid=1002135
【合租】望京 利泽西园 4室次卧,利泽西园,https://legoclick.58.com/cpaclick?target=szqBpB3draOWUvYf0A-80A7Guvq8uL-ds1n3P1TYn19LnHT3Pj9YXaO1pZwVUT7bsyRhnAc3rjFbsHnOuhNVPjwbmidBujDYsH-BPjDYmvDvrH6WnEDYPjmLPjT3rjDOrjmLrTDKn19LnjE1rj0Qnj9YrjEKPWTknjTkTHmknjTknTDLnjD1PTDQnWT1THDdP1TQrHTdPWbLPjbKnWTKwbnVNDnVmMRlIEDQTHDKTiYQTEDzPjbQnHNQrHmQPjDdrjEKnTDQnHczrjCznjTkg1nknjTKnEDYmHI6nWDdriYQrj-BsHwBPHnVrjDdmzYzuWmQuywbrjEYnHTKnHDYP1nznW0kP1m3rjnkrj01P9DQnHELn1czP1TLPWcOPH93Pj9kTEDYnW9zTHDKni3kTEDVTEDKpZwY0ZnlszqBpB3draOWUvYfIv78uvGGUh0f0A-80A7Guvq8uL-ds1qVpyOk0h-WuHYznjTkg1nknjTKTHDQPz3Qn1m8PH08nHN1THTKnTDQsWTKnikYnW9zTgVqTHDknjTvTHDknjcQn1NKP19LrycLnynVmhuhmBYYujmLsyc3n1TVmyRWn1n3PhEvrA76TEDkTEDKnTDKm1N3uhcOuW03rAR-rjnOPT&tid=7879b71c-bffb-4d67-b830-aec3386d68aa&slotid=1002135
【合租】望京 南湖渠西里 3室次卧,南湖渠西里,https://legoclick.58.com/cpaclick?target=szqBpB3draOWUvYf0A-80A7Guvq8uL-ds1nOPWcLPW93njNdnWTYXaO1pZwVUT7bsyRhnAc3rjFbsHnOuhNVPjwbmidBujDYsH-BPjDYmvDvrH6WnEDYPjmLPjT3rjmOnWcYP9DKn1bvnW0vrj9kPHNznjEKPWTknjTkTHmknjTknTDLnjD1PTDQnWT1THDdP1TQrHTdPWbLPjbKnWDKwbnVNDnVmMRlIEDQTHDKTiYQTEDzPjbQnHNQPjmQPjE3njDKnTDQnHczrjCznjTkg1nknjTKnE76n1PhnHbQPiYLnWcOsHEQPHbVrAmvPiYOP1NznAPBPWm3nHnKnHDLP1NLP1E1n1DdnHnznjTvPTDQnH0LPH0LPjn1njbzPHbOrjT3TEDYnW9zTHDKni3kTEDVTEDKpZwY0ZnlszqBpB3draOWUvYfIv78uvGGUh0f0A-80A7Guvq8uL-ds1qVpyOk0h-WuHYznjTkg1nknjTKTHDQPz3Qn1m8PH08nHN1THTKnTDQsWTKnikYnW9zTgVqTHDknjTvTHDknjcQn1NKmH9zrj6bPW0VmhDvriYYrycOsyczm19VnWD1mH9zm1E1uhcQTEDkTEDKnTDKnWFhPvNOmWIBmWm3m10OPE&tid=a8288d67-ba69-49b9-b2c8-213a82c43fb1&slotid=1002135
【合租】望京 南湖中园一区 3室次卧,南湖中园一区,https://legoclick.58.com/cpaclick?target=szqBpB3draOWUvYf0A-80A7Guvq8uL-ds1nOn1cLPWmvP1b3n1NdXaO1pZwVUT7bsyRhnAc3rjFbsHnOuhNVPjwbmidBujDYsH-BPjDYmvDvrH6WnEDYPjmLPjT3P1mYnH9LrTDKn1b1nW0vPWmLrH91PHNKPWTknjTkTHmknjTknTDLnjD1PTDQnWT1THDdP1TQrHTdPWbLPjbKnWcKwbnVNDnVmMRlIEDQTHDKTiYQTEDzPjbQnHNzrHNznWbOPWTKnTDQnHczrjCznjTkg1nknjTKnE76uhFBnvPWnBYvmHbzsHwBnH0VmW93raYYuWKhn1NknyPBm19KnHDvP10YPWn1PWE3nHmzPjTvPTDQnHmLP1Evn1nvPjczrHT1rjT3TEDYnW9zTHDKni3kTEDVTEDKpZwY0ZnlszqBpB3draOWUvYfIv78uvGGUh0f0A-80A7Guvq8uL-ds1qVpyOk0h-WuHYznjTkg1nknjTKTHDQPz3Qn1m8PH08nHN1THTKnTDQsWTKnikYnW9zTgVqTHDknjTvTHDknjcQn1NKnAw6nHTdmhnVuHwbriYYryDdsyFbmyNVmHTzPW03njTOnvcOTEDkTEDKnTDKrH76m1b1m17buWmQPvnduT&tid=0da105bc-e4d9-49a5-bdae-a026780093b9&slotid=1002135
【合租】望京 望京花园西区 3室次卧,望京花园西区,https://legoclick.58.com/cpaclick?target=szqBpB3draOWUvYf0A-80A7Guvq8uL-ds1nOPWmOPHcQPH9dPjDYXaO1pZwVUT7bsyRhnAc3rjFbsHnOuhNVPjwbmidBujDYsH-BPjDYmvDvrH6WnEDYPjmLPjT3P1mYnH9LrTDKn1bvPWbdnWDdrjNYnHEKPWTknjTkTHmknjTknTDLnjD1PTDQnWT1THDdP1TQrHTdPWbLPjbKnWnKwbnVNDnVmMRlIEDQTHDKTiYQTEDzPjbQnHNzrHNznWbOPWTKnTDQnHczrjCznjTkg1nknjTKnED1rARWPv7-PBY3nWDzsHEduhcVrjwWPaY1nH7hPHTQmvc1uWmKnHDLrjbYrjc1PjDOnjN1PW0kPTDQnH03rHE3nWnYnHnQrjDvPjE3TEDYnW9zTHDKni3kTEDVTEDKpZwY0ZnlszqBpB3draOWUvYfIv78uvGGUh0f0A-80A7Guvq8uL-ds1qVpyOk0h-WuHYznjTkg1nknjTKTHDQPz3Qn1m8PH08nHN1THTKnTDQsWTKnikYnW9zTgVqTHDknjTvTHDknjcQn1NKmHTQm1b3uhmVnv7hraYYP1whsH9QrjmVnAc1uWcdmynOPvmQTEDkTEDKnTDKnjKbnvD1Pyu-uhw-m1m3mE&tid=a01c98ff-3af8-474f-8186-0b3f25ac97f1&slotid=1002135
【合租】望京 南湖东园二区 2室次卧,南湖东园二区,https://legoclick.58.com/cpaclick?target=szqBpB3draOWUvYf0A-80A7Guvq8uL-ds1nOPW0dnWDznHbLP19zXaO1pZwVUT7bsyRhnAc3rjFbsHnOuhNVPjwbmidBujDYsH-BPjDYmvDvrH6WnEDYPjmLPjT3P1mYnH9LrTDKn1bvP1NznHcQrH0LrjcKPWTknjTkTHmknjTknTDLnjD1PTDQnWT1THDdP1TQrHTdPWbLPjbKnWEKwbnVNDnVmMRlIEDQTHDKTiYQTEDzPjbQnHNzrHNznWbOPWTKnTDQnHczrjCznjTkg1nknjTKnEDQmvnkmWnYuaYvm1RhsHwWnAEVmhPbPzdhuW0Yn1b1P1NvuWnKnHDLrHD1Pj0kPjDdPHDQPHNznTDQnH0OnHnYP1TYnjbznWTkrHmkTEDYnW9zTHDKni3kTEDVTEDKpZwY0ZnlszqBpB3draOWUvYfIv78uvGGUh0f0A-80A7Guvq8uL-ds1qVpyOk0h-WuHYznjTkg1nknjTKTHDQPz3Qn1m8PH08nHN1THTKnTDQsWTKnikYnW9zTgVqTHDknjTvTHDknjcQn1NKnhn3uW6bn1NVmWKBuaYYP1ndsy7bPyEVujDOnjc3nj0QPAEzTEDkTEDKnTDKmhE3nHnYPWmkrAEQPvFbm9&tid=2c8f8d35-b0bd-4735-ad5d-d190280714d2&slotid=1002135
【合租】望京 南湖中园小区 4室次卧,南湖中园小区,https://legoclick.58.com/cpaclick?target=szqBpB3draOWUvYf0A-80A7Guvq8uL-ds1nOPHnLPHN1nHcdPHDkXaO1pZwVUT7bsyRhnAc3rjFbsHnOuhNVPjwbmidBujDYsH-BPjDYmvDvrH6WnEDYPjmLPjT3rjmOnWcYP9DKn1bdn10dPHnQnWNdnHTKPWTknjTkTHmknjTknTDLnjD1PTDQnWT1THDdP1TQrHTdPWbLPHTKnWNKwbnVNDnVmMRlIEDQTHDKTiYQTEDzPjbQnHNQPjmQPjE3njDKnTDQnHczrjCznjTkg1nknjTKnEDvrj-6PWcdPaYzrjnYsHE3uhcVrjwbPzY1mvczuy7bPhcQmyNKnHDLPjmzn19OnH0QP1nLn1bdn9DQnH0YPWc1rjbQPWN3PWN1PWbvTEDYnW9zTHDKni3kTEDVTEDKpZwY0ZnlszqBpB3draOWUvYfIv78uvGGUh0f0A-80A7Guvq8uL-ds1qVpyOk0h-WuHYznjTkg1nknjTKTHDQPz3Qn1m8PH08nHN1THTKnTDQsWTKnikYnW9zTgVqTHDknjTvTHDknjcQn1NKuWKbmW0OmvnVryP6riYYnADksHbduADVmvmdP1ubnW0dPvcvTEDkTEDKnTDKn10QPjNYnHc3n1F-PWI-uE&tid=f0db79cc-9ca9-40a0-95da-cf576d2757b6&slotid=1002135
【合租】望京 南湖中园小区 3室主卧,南湖中园小区,https://legoclick.58.com/cpaclick?target=szqBpB3draOWUvYf0A-80A7Guvq8uL-ds1nOPHn3P1EQn1NQn1DdXaO1pZwVUT7bsyRhnAc3rjFbsHnOuhNVPjwbmidBujDYsH-BPjDYmvDvrH6WnEDYPjmLPjT3rjmOnWcYP9DKn1bdn19LPjD1PHD1nHNKPWTknjTkTHmknjTknTDLnjD1PTDQnWT1THDdP1TQrHTdPWbLPHTKnWmKwbnVNDnVmMRlIEDQTHDKTiYQTEDzPjbQnHNQPjmQPjE3njDKnTDQnHczrjCznjTkg1nknjTKnEDdP1PbmvmYuaY1mvwbsHEzmWEVmyRbPadhrj9YnWcYnWmvPjDKnHDLPjmvnW9zP1mYPWbzPW9YrTDQnH0YPWmzrjcLPj9LPHE1nWbvTEDYnW9zTHDKni3kTEDVTEDKpZwY0ZnlszqBpB3draOWUvYfIv78uvGGUh0f0A-80A7Guvq8uL-ds1qVpyOk0h-WuHYznjTkg1nknjTKTHDQPz3Qn1m8PH08nHN1THTKnTDQsWTKnikYnW9zTgVqTHDknjTvTHDknjcQn1NKnAN1rHEYnWcVnHNLPiYYuHEksyFBnjDVPvNkPjnkmvP6nHbYTEDkTEDKnTDKuj0OrHm1uHuBuHKbn19OnE&tid=0e394422-1575-4e40-bb01-7e0430cca194&slotid=1002135
【合租】望京 南湖东园(二区) 3室次卧,南湖东园(二区),https://legoclick.58.com/cpaclick?target=szqBpB3draOWUvYf0A-80A7Guvq8uL-ds1nOPHnLn1D1njmLPHcvXaO1pZwVUT7bsyRhnAc3rjFbsHnOuhNVPjwbmidBujDYsH-BPjDYmvDvrH6WnEDYPjmLPjT3rjmOnWcYP9DKn1bdn101nHnkPW0dnWmKPWTknjTkTHmknjTknTDLnjD1PTDQnWT1THDdP1TQrHTdPWbLPHTKnW0KwbnVNDnVmMRlIEDQTHDKTiYQTEDzPjbQnHNQPjmQPjE3njDKnTDQnHczrjCznjTkg1nknjTKnEDkn1nLnHn1PzYvuWEvsHEYnHcVrjEQuiY1n1b1mhn3nWIWPHmKnHDLPjmQPWTzPHmOrjmLPW01P9DQnH0YPWDvnjcdPWNvP1nLP1bzTEDYnW9zTHDKni3kTEDVTEDKpZwY0ZnlszqBpB3draOWUvYfIv78uvGGUh0f0A-80A7Guvq8uL-ds1qVpyOk0h-WuHYznjTkg1nknjTKTHDQPz3Qn1m8PH08nHN1THTKnTDQsWTKnikYnW9zTgVqTHDknjTvTHDknjcQn1NKujF-mvRhmWcVnARbriYYPj9zsycknADVnAmQny7hmHTzPv7BTEDkTEDKnTDKuWnYnvu-myF-ryE1uhczPk&tid=d2ecefb2-0ed9-4482-b00a-0f11afa027ab&slotid=1002135
【合租】望京 南湖东园(一区) 4室次卧,南湖东园(一区),https://legoclick.58.com/cpaclick?target=szqBpB3draOWUvYf0A-80A7Guvq8uL-ds1nOPHnLnWc1njbkPH9QXaO1pZwVUT7bsyRhnAc3rjFbsHnOuhNVPjwbmidBujDYsH-BPjDYmvDvrH6WnEDYPjmLPjT3rjmOnWcYP9DKn1bdn10znWnkrHTdrjDKPWTknjTkTHmknjTknTDLnjD1PTDQnWT1THDdP1TQrHTdPWbLPHTKnW9KwbnVNDnVmMRlIEDQTHDKTiYQTEDzPjbQnHNQPjmQPjE3njDKnTDQnHczrjCznjTkg1nknjTKnEDYrAF6PynvradWmyFbsHw-PjDVmWI6nBY1nHPhnjPhPAubn1TKnHDLPjmQn1TLP1cznjEkrHnYPTDQnH0YPWD1nj0LnHEYrHTLP10vTEDYnW9zTHDKni3kTEDVTEDKpZwY0ZnlszqBpB3draOWUvYfIv78uvGGUh0f0A-80A7Guvq8uL-ds1qVpyOk0h-WuHYznjTkg1nknjTKTHDQPz3Qn1m8PH08nHN1THTKnTDQsWTKnikYnW9zTgVqTHDknjTvTHDknjcQn1NKnARBuW9vryDVnh7bmzYYrHubsHbLPHmVrj7BPAPBujNzrj9QTEDkTEDKnTDKPW-Bnhm3P1NvnhDYnHNkP9&tid=0ebf869a-2adc-496d-9756-81b4cbd52881&slotid=1002135
【合租】望京 南湖东园(一区) 3室次卧,南湖东园(一区),https://legoclick.58.com/cpaclick?target=szqBpB3draOWUvYf0A-80A7Guvq8uL-ds1nOPHnLnW0Qn10OrjE1XaO1pZwVUT7bsyRhnAc3rjFbsHnOuhNVPjwbmidBujDYsH-BPjDYmvDvrH6WnEDYPjmLPjT3rjmOnWcYP9DKn1bdn10zP1D1P1b3PjnKPWTknjTkTHmknjTknTDLnjD1PTDQnWT1THDdP1TQrHTdPWbLPHTKnWbKwbnVNDnVmMRlIEDQTHDKTiYQTEDzPjbQnHNQPjmQPjE3njDKnTDQnHczrjCznjTkg1nknjTKnEDkPvDLnA7huidhnHIhsHEOnHNVmyN3nad6mhuhuywWuHEOuhEKnHDLPjmQPjmdrHNdPHDYn1m3nTDQnH0YPWDYPWNOPjEvnjbQP10vTEDYnW9zTHDKni3kTEDVTEDKpZwY0ZnlszqBpB3draOWUvYfIv78uvGGUh0f0A-80A7Guvq8uL-ds1qVpyOk0h-WuHYznjTkg1nknjTKTHDQPz3Qn1m8PH08nHN1THTKnTDQsWTKnikYnW9zTgVqTHDknjTvTHDknjcQn1NKnWc1uymduW0VnywbPBYYnW91sy7bPyDVrycOmWNznHcYuWbdTEDkTEDKnTDKnWcduWEYujTvmvDdmhcdu9&tid=223ef5f7-1dd6-4283-ad5a-9b9b52124f95&slotid=1002135
【合租】望京 望京西园二区 5室次卧,望京西园二区,https://legoclick.58.com/cpaclick?target=szqBpB3draOWUvYf0A-80A7Guvq8uL-ds1nOPWE3nWbLnjb1n1bQXaO1pZwVUT7bsyRhnAc3rjFbsHnOuhNVPjwbmidBujDYsH-BPjDYmvDvrH6WnEDYPjmLPjT3rjmOnWcYP9DKn1bvPj9zrH0krHn1rHDKPWTknjTkTHmknjTknTDLnjD1PTDQnWT1THDdP1TQrHTdPWbLPHTKn1TKwbnVNDnVmMRlIEDQTHDKTiYQTEDzPjbQnHNQPjmQPjE3njDKnTDQnHczrjCznjTkg1nknjTKnE7Bm1bYPhcQmBYkuhndsHw6PWbVrHTvmid6PhD3nWKWuHwWmWNKnHDLrjcdnW0dnjTzP1cYn1NznTDQnH03nWNzP1EOrH9dnWbvn19YTEDYnW9zTHDKni3kTEDVTEDKpZwY0ZnlszqBpB3draOWUvYfIv78uvGGUh0f0A-80A7Guvq8uL-ds1qVpyOk0h-WuHYznjTkg1nknjTKTHDQPz3Qn1m8PH08nHN1THTKnTDQsWTKnikYnW9zTgVqTHDknjTvTHDknjcQn1NKPjm3uHnYn1NVnvPbniYYnWNQsyckmhEVuW7BryDLnhmznvm3TEDkTEDKnTDKuhuBPvcQn1IBnAFBmWR-mE&tid=468e3435-3cd1-4251-b0bd-f1b9a72f23f8&slotid=1002135
【合租】望京 南湖中园小区 3室次卧,南湖中园小区,https://legoclick.58.com/cpaclick?target=szqBpB3draOWUvYf0A-80A7Guvq8uL-ds1nOPHnLnWb1nWm1P1NdXaO1pZwVUT7bsyRhnAc3rjFbsHnOuhNVPjwbmidBujDYsH-BPjDYmvDvrH6WnEDYPjmLPjT3rjmOnWcYP9DKn1bdn10zrHnzPWnLPHNKPWTknjTkTHmknjTknTDLnjD1PTDQnWT1THDdP1TQrHTdPWbLPHTKn1DKwbnVNDnVmMRlIEDQTHDKTiYQTEDzPjbQnHNQPjmQPjE3njDKnTDQnHczrjCznjTkg1nknjTKnEDLuhR6nH-6uiYvn1mvsHwbm10VrynQPaYYPhuhuHDYmvP-uyDKnHDLPjmQPHnLPWNdrj9zrHNvrTDQnH0YPWDdn10vPjbQP1ckP1TYTEDYnW9zTHDKni3kTEDVTEDKpZwY0ZnlszqBpB3draOWUvYfIv78uvGGUh0f0A-80A7Guvq8uL-ds1qVpyOk0h-WuHYznjTkg1nknjTKTHDQPz3Qn1m8PH08nHN1THTKnTDQsWTKnikYnW9zTgVqTHDknjTvTHDknjcQn1NKmWu6nHnzujDVryNQuiYYnjEvsH-Wnj9VPWm3nhmzuW9Lm1nQTEDkTEDKnTDKP1bvP1m1m19Ym19YrHPBnT&tid=b6a132d1-9e1e-4046-9c08-6682f2f87c31&slotid=1002135
【合租】望京 南湖东园(二区) 3室次卧,南湖东园(二区),https://legoclick.58.com/cpaclick?target=szqBpB3draOWUvYf0A-80A7Guvq8uL-ds1nOPHn3PH9vrHcYn1T1XaO1pZwVUT7bsyRhnAc3rjFbsHnOuhNVPjwbmidBujDYsH-BPjDYmvDvrH6WnEDYPjmLPjT3rjmOnWcYP9DKn1bdn19drjmOnWE1njnKPWTknjTkTHD1nTDLnjD1PTDQnWT1THDdP1TQrHTdPWbLPHTKn1cKwbnVNDnVmMRlIEDQTHDKTiYQTEDzPjbQnHNQPjmQPjE3njDKnTDQnHczrjCznjTkg1nknjTKnEDOuWFBmvnknidWrjmzsHw6nWmVmyFhnzYYmhcduymYnWDLPjTKnHDLPjmdP10vP1c3PWcdPHmQP9DQnH0YPWNLP1mLnWcLPHndn1mkTEDYnW9zTHDKni3kTEDVTEDKpZwY0ZnlszqBpB3draOWUvYfIv78uvGGUh0f0A-80A7Guvq8uL-ds1qVpyOk0h-WuHYznjTkg1nknjTKTHDQPz3Qn1m8PH08nHN1THTKnTDQsWTKnikYnW9zTgVqTHDknjTvTHDknjcQn1NKuyEOnH91mWEVuWmLuiYYPWNOsH-WrjbVry7buj01m1bYP1FhTEDkTEDKnTDKnHKhrjD3njuBPyNYPWn3uE&tid=ed9183b4-f67e-4659-9c89-9add73c9472f&slotid=1002135
【合租】花家地 花家地西里二区 4室次卧,花家地西里二区,https://legoclick.58.com/cpaclick?target=szqBpB3draOWUvYf0A-80A7Guvq8uL-ds1nOPHbknHTQnW9LnH9QXaO1pZwVUT7bsHbdPycLmWnOsH0vmWcVPARbmiY3mWbQsH7hPWnQuHD3rjwhrTDvPjn1njEkrHDOrjndPTDKn1bdrHTQnjDzrj0QrjDKPWTknjTkTHmknjTknTDLnjD1PTDQnWT1THDdP1TQrHTdPWbLPjNKnk7AEzdEEzdBIgGdTHDKnEDKsHDKTHDQPjTYPHbOnWNLPj0dPjEkPWNKnTDQnHczrjCznjTkg1nknjTKn9DOuADOPWTOnaYdPAEQsHwhmvcVrH--Pad6m1EkmynvryPBnADKnHDLPWnYPH03rHbkn1bYPH0zrTDQnH0vn1EdP19OrjEOPjDdPW9kTEDYnW9zTHDKTEDVTEDKpZwY0ZnlszqBpB3draOWUvYfIv78uvGGUh0f0A-80A7Guvq8uL-ds1qVpyOk0h-WuHYznjTkg1nknjTKTHDQPz3Qn1m8PH08nHN1THTKnTDKnikYnW9zTgVqTHDknjTvTHDknjcQn1NKrjNYm1bdnWEVnH9kriYYuyELsH-hPW0Vrj76Pj-6rj91nvwBTEDkTEDKnTDKmycQrj-bPH-BrynkmWIhmE&tid=854c9524-1809-4ed7-9f67-81a49a8833db&slotid=1002135
【合租】花家地 花家地西里二区 4室次卧,花家地西里二区,https://legoclick.58.com/cpaclick?target=szqBpB3draOWUvYf0A-80A7Guvq8uL-ds1nOPH9OrHm1P1nvP1ckXaO1pZwVUT7bsHbdPycLmWnOsH0vmWcVPARbmiY3mWbQsH7hPWnQuHD3rjwhrTDvPjn1njEkrHDOrjndPTDKn1bdrjbOPWnLn1mLnWTKPWTknjTkTHmknjTknTDLnjD1PTDQnWT1THDdP1TQrHTdPWbLPjNKPT7AEzdEEzdBIgGdTHDKnEDKsHDKTHDQPjTYPHbOnWNLPj0dPjEkPWNKnTDQnHczrjCznjTkg1nknjTKn9DzrH91uj7hPaY3rywbsHwBmWmVmyPBniYLuhFWmvuBnWm1PycKnHDLPWnYnHc3nWm1n1NvPjDvnTDQnH0vn1EQnW9zPH0YrjE1rHTdTEDYnW9zTHDKTEDVTEDKpZwY0ZnlszqBpB3draOWUvYfIv78uvGGUh0f0A-80A7Guvq8uL-ds1qVpyOk0h-WuHYznjTkg1nknjTKTHDQPz3Qn1m8PH08nHN1THTKnTDKnikYnW9zTgVqTHDknjTvTHDknjcQn1NKnvmYnhw6uWDVuANzuiYYuW-bsyc1njEVuWm1nymOn10Om1uWTEDkTEDKnTDKujR-PjE1PHn1PAE3rAwWn9&tid=3f42daf1-de2e-4f9d-b304-f631f9379c6c&slotid=1002135
【合租】芍药居 芍药居北里小区 4室次卧,芍药居北里小区,https://legoclick.58.com/cpaclick?target=szqBpB3draOWUvYf0A-80A7Guvq8uL-ds1nOPjDYn1mdPH01rjbvXaO1pZwVUT7bsHbdPycLmWnOsH0vmWcVPARbmiY3mWbQsH7hPWnQuHD3rjwhrTDYPjmLPjT3rjDOrjmLrTDKn1bYnHE1PWNdP1n3rHmKPWTknjTkTHmknjTknTDLnjD1PTDQnWT1THDdP1TQrHTdPWbLPjNKPE7AEzdEEzdBIgGdTHDKnEDKsHDKTHcYrHDQPHDOPWDYnHN3PTDkTHDQnWc3rWcknjKxn1TknTDzTyP6uynzPhNksycvuHTVPjcLPBdBryPWsyPbP1PbnAFBnHTOn9DQnH0kPH9LnW9znjTkrjNdnjEkTHDQP1Tdrj0zrjDOPjcQn1ELrjEKTHEzrjcKnEDKTiYKTE7CIZwk01CfsvFJsWN3shPfUiqLmyOMph-8uzqkpyOkmy-MUvOMXgNf5vdGUMKzpyP-5HcknjKxn1TknTDKnHDLsWD1PB3dPz3QPHnKnTDkTEDQsjEzrjcKXLYKnHTknjmKnHTknWD1PEDdrj0QnvuWmidhmvFWsHw-rHDVrju-PiYQmWI-ujnLPWDkmymKTHTKTEDkTED3uhwBuAn1n1--uWIbuynd&tid=58713fca-fcbc-4e91-86e5-1b7ed37610af&slotid=1002135
【整租】乐乎社区 芍药居 芍药居店,芍药居,https://legoclick.58.com/cpaclick?target=szqBpB3draOWUvYf0A-80A7Guvq8uL-ds1nOn1N3P1DvnHNQPHm1XaO1pZwVUT7bsHbdPycLmWnOsH0vmWcVPARbmiY3mWbQsH7hPWnQuHD3rjwhrTDYnWcLrHDdnjEQnHc3nkDKn1b1PH9LnHmQPHDdPWnKPWTknjTkTHmknjTknTDLnjD1PTDQnWT1THDdP1TQrHTdPWbLPjNKP97AEzdEEzdBIgGdTHDKnEDKsHDKTHcYrHD1PjEdPjELPH03PTDkTHDQnWc3rWcknjKxn1TknTDzTHIbPymOuj7-sHPWnHnVPA7bmiY3PWc3sHn3n1u6rH-bmH-WP9DQnHm3P1m1P1mQPWNknjNLnWDvTHDQPW9LPWnLPWDdrjcOPjEzPH0KTHEzrjcKnEDKTiYKTE7CIZwk01CfsvFJsWN3shPfUiqLmyOMph-8uzqkpyOkmy-MUvOMXgNf5vdGUMKzpyP-5HcknjKxn1TknTDKnHDLsWD1PB3dPz3QPHnKnTDkTEDQsjEzrjcKXLYKnHTknjmKnHTknWD1PE7huj0zmhD3mzY1rjK-sHwWmvEVmHE1Pid6uj9QPjmzP1TzuyNKTHTKTEDkTE7WuWnvmWE3PHTQnHKWPWNQ&tid=fd72ba8c-380e-4ccd-a435-ad81462702ee&slotid=1002135
【合租】太阳宫 新纪家园 3室主卧,新纪家园,https://legoclick.58.com/cpaclick?target=szqBpB3draOWUvYf0A-80A7Guvq8uL-ds1nOPHcYPWEvn19krHEQXaO1pZwVUT7bsHbdPycLmWnOsH0vmWcVPARbmiY3mWbQsH7hPWnQuHD3rjwhrTDvPWcQnWE1n1nvnW0kPTDKn1bdnWEvPjm1rjTOPjDKPWTknjTkTHmknjTknTDLnjD1PTDQnWT1THDdP1TQrHTdPWbLPjNKPk7AEzdEEzdBIgGdTHDKnEDKsHDKTHDQP1D1PHDLPWnkPHcQPjmvrj9KnTDQnHczrjCznjTkg1nknjTKn97-n101njmYPzYvnvDvsHE3uj0VmyP6radWuhRbPhckrju-P10KnHDLPjcknjbvn1NYPjmdP1bznEDQnH0YnWTkrHm1Pj9drHEQP1mkTEDYnW9zTHDKTEDVTEDKpZwY0ZnlszqBpB3draOWUvYfIv78uvGGUh0f0A-80A7Guvq8uL-ds1qVpyOk0h-WuHYznjTkg1nknjTKTHDQPz3Qn1m8PH08nHN1THTKnTDKnikYnW9zTgVqTHDknjTvTHDknjcQn1NKuWE1mWNdPHcVP1D3PaYYryR6sH9dmvEVuyD1m1u6mWKBnjRBTEDkTEDKnTDKPjwWuj9LrHnYPvEOrjKhu9&tid=f43b5552-7184-49ea-85cd-ea3c6ab0b05b&slotid=1002135
【合租】太阳宫 新纪家园 4室次卧,新纪家园,https://legoclick.58.com/cpaclick?target=szqBpB3draOWUvYf0A-80A7Guvq8uL-ds1nOPHTdPWb1PHbzrH9vXaO1pZwVUT7bsHbdPycLmWnOsH0vmWcVPARbmiY3mWbQsH7hPWnQuHD3rjwhrTDvPWcQnWE1n1nvnW0kPTDKn1bdnjNvrHndrHcOrjmKPWTknjTkTHmknjTknTDLnjD1PTDQnWT1THDdP1TQrHTdPWbLPjmKrT7AEzdEEzdBIgGdTHDKnEDKsHDKTHDQP1D1PHDLPWnkPHcQPjmvrj9KnTDQnHczrjCznjTkg1nknjTKn9DznhDvmvEYPzYLuWRWsHwbPycVmWuBmiYQmHD3njmLPjEvmWTKnHDLn1NLrHbQrjNdrHDvPWEvPTDQnH01PH0OrHD3PjbvnWNQrHTYTEDYnW9zTHDKTEDVTEDKpZwY0ZnlszqBpB3draOWUvYfIv78uvGGUh0f0A-80A7Guvq8uL-ds1qVpyOk0h-WuHYznjTkg1nknjTKTHDQPz3Qn1m8PH08nHN1THTKnTDKnikYnW9zTgVqTHDknjTvTHDknjcQn1NKuHTduhFWPHTVuyF-PBYYuWnQsH91uAmVmvPhnAuBuWRWmWcYTEDkTEDKnTDKuAnvmv7BmW6WujD1mh7hnE&tid=e05fbc50-ebe6-4f31-83df-ccf0fbf5cb24&slotid=1002135
【合租】太阳宫 新纪家园 3室次卧,新纪家园,https://legoclick.58.com/cpaclick?target=szqBpB3draOWUvYf0A-80A7Guvq8uL-ds1nOn1ndn1cLnH9zPHTQXaO1pZwVUT7bsHbdPycLmWnOsH0vmWcVPARbmiY3mWbQsH7hPWnQuHD3rjwhrTDYPjmLPjTOnWNLn1bLPTDKn1b1n1N1nW0QrjcdnjDKPWTknjTkTHmknjTknTDLnjD1PTDQnWT1THDdP1TQrHTdPWbLPjmKrE7AEzdEEzdBIgGdTHDKnEDKsHDKTHcYrHDQPHnznjmdPH93rTDkTHDQnWc3rWcknjKxn1TknTDzTHDLP1Ndn1PWsHI6nW9VPAFWnid6rAw-sHTdPAN3nWuBPW7hnTDQnHmLrHbLn1NznjEOn19OPHm3THDQPW0OrH01PHDOrHE3PW0LnHcKTHEzrjcKnEDKTiYKTE7CIZwk01CfsvFJsWN3shPfUiqLmyOMph-8uzqkpyOkmy-MUvOMXgNf5vdGUMKzpyP-5HcknjKxn1TknTDKnHDLsWD1PB3dPz3QPHnKnTDkTEDQsjEzrjcKXLYKnHTknjmKnHTknWD1PE7buyNOmWnzPzdhmvF6sHE1myEVrAmkniYzPW6hmvNYrHRWmyEKTHTKTEDkTEDYmhEknhnLuhR-PjNQuHFh&tid=dee9b327-fcba-43ad-8f01-268fce495cad&slotid=1002135
【合租】芍药居 吉利家园 5室次卧,吉利家园,https://legoclick.58.com/cpaclick?target=szqBpB3draOWUvYf0A-80A7Guvq8uL-ds1nLP1m3rjD1PW91nHTkXaO1pZwVUT7bsHbdPycLmWnOsH0vmWcVPARbmiY3mWbQsH7hPWnQuHD3rjwhrTDYPjmLPjT3rjDOrjmLrTDKn10LPW93nHnvrjnQnjTKPWTknjTkTHmknjTknTDLnjD1PTDQnWT1THDdP1TQrHTdPWbLPjmKnHTKwbnVNDnVmMRlIEDQTHDKTiYQTEDzPjbQnHNQrHmQPjDdrjEKnTDQnHczrjCznjTkg1nknjTKn97hnAD3mvu6miYvuWbdsHw6mH0VmyPhPBYkujc3n1TLPHbzPH9KnHDQPWmvPH91P10On1NOnHcOrTDQnHDvPWmdrjnLP1nOnjmQnWE3TEDYnW9zTHDKTEDVTEDKpZwY0ZnlszqBpB3draOWUvYfIv78uvGGUh0f0A-80A7Guvq8uL-ds1qVpyOk0h-WuHYznjTkg1nknjTKTHDQPz3Qn1m8PH08nHN1THTKnTDKnikYnW9zTgVqTHDknjTvTHDknjcQn1NKPH6BuyDzPWDVPW0OraYYmH6hsyF6PWbVmWTznvEdnhF6nvRbTEDkTEDKnTDKnynLrjnYuHIWmyDduWw-nk&tid=58bea261-6798-4a8f-ba69-b023d52ba3ed&slotid=1002135
【合租】酒仙桥 芳园里南区 3室主卧,芳园里南区,https://legoclick.58.com/cpaclick?target=szqBpB3draOWUvYf0A-80A7Guvq8uL-ds1nOPH0OnW01rHcYrjmOXaO1pZwVUT7bsHbdPycLmWnOsH0vmWcVPARbmiY3mWbQsH7hPWnQuHD3rjwhrTDvPHNkPjmvPjTYnj0QPkDKn1bdP1bzP1nOnWE3PWbKPWTknjTkTHmknjTknTDLnjD1PTDQnWT1THDdP1TQrHTdPWbLPjmKnHDKwbnVNDnVmMRlIEDQTHDKTiYQTEDQnHNOP1nLrj0vnjcknWDQP1DzTHTKnHDznW9lnWTkn7t1njTkTHcKPWnYnWFBuH0VmW93naYYPHD3sHbkP1DVnjmznjD3mvEYPjnkTHDQP1NOrHTOrH93P1bQrHDkPjTKnHDLPHbOnjbOrj9znjEvPWm3rTDKPjc3n9DQTEDKsEDKTy6YIZK1rBtfmhC8PH98mvqVsLI6UhIJpyOMsLKGUMK6pyIfUhIOIit4Uy-80ZFGmvNqnWTkn7t1njTkTEDQnH08nHnvsWNLsWDdnkDkTHTKTHD_Pjc3n97exEDQnjTkP9DQnjTznHndTHcYPWELnyE3sHKbPHNVPAF6riYOuHT3sHnQryF-uHw6PhDdnkDKnTDKTHTKTymLuj93P176mWEzPhNznHn&tid=246471d8-0d55-4ba9-9e08-319bee4a6a53&slotid=1002135
【合租】酒仙桥 芳园里南区 3室次卧,芳园里南区,https://legoclick.58.com/cpaclick?target=szqBpB3draOWUvYf0A-80A7Guvq8uL-ds1nOnH01nWbkP10zrjm3XaO1pZwVUT7bsHbdPycLmWnOsH0vmWcVPARbmiY3mWbQsH7hPWnQuHD3rjwhrTDvPHNkPjmvPjTYnj0QPkDKn1bQP1nzrHTLP1c3PW9KPWTknjTkTHmknjTknTDLnjD1PTDQnWT1THDdP1TQrHTdPWbLPjmKnHcKwbnVNDnVmMRlIEDQTHDKTiYQTEDQnHNOP1nLrj0vnjcknWDQP1DzTHTKnHDznW9lnWTkn7t1njTkTHcKrymkPWN1njnVmH0dniYYPhDdsy7bnvDVrycYmWFhm1NkmHNdTHDQPWcvrj0LPjnQn1TvnHDLnHcKnHDvnWm3P10Yn1T3PjELrjEvPTDKPjc3n9DQTEDKsEDKTy6YIZK1rBtfmhC8PH98mvqVsLI6UhIJpyOMsLKGUMK6pyIfUhIOIit4Uy-80ZFGmvNqnWTkn7t1njTkTEDQnH08nHnvsWNLsWDdnkDkTHTKTHD_Pjc3n97exEDQnjTkP9DQnjTznHndTHRBmhELPvmvsyuWnhDVPjD1PadBnjRBsHDLnAFBuyRBP1R6nTDKnTDKTHTKTymQnHDQuyELPjFWuHT3mhn&tid=5bbd77f6-fc2a-4134-b05b-170bbeeb75a0&slotid=1002135
【整租】乐乎有朋社区 来广营 有朋崔各庄店,来广营,https://legoclick.58.com/cpaclick?target=szqBpB3draOWUvYf0A-80A7Guvq8uL-ds1n3P1TOPHmQPW91rH0QXaO1pZwVUT7bsHbdPycLmWnOsH0vmWcVPARbmiY3mWbQsH7hPWnQuHD3rjwhrTDvPjE3rH9krHnLnHEkP9DKn19LnjbdPWDvrjnOP1DKPWTknjTkTHmknjTknTDLnjD1PTDQnWT1THDdP1TQrHTdPWbLPjmKnHnKwbnVNDnVmMRlIEDQTHDKTiYQTEDQnHE1nj9drH9QP1nknjbdnHTYTHTKnHDznW9lnWTkn7t1njTkTHcKuhwbPyNYnANVuH9YmiYYrAndsH9duj0VPAcQmWwbmW6BmH7bTHDQPj0YrHczPW9QPj9dn1NzrHmKnHDYP1EOnWcvrjTvnjEdrHTkrTDKPjc3n9DQTEDKsEDKTy6YIZK1rBtfmhC8PH98mvqVsLI6UhIJpyOMsLKGUMK6pyIfUhIOIit4Uy-80ZFGmvNqnWTkn7t1njTkTEDQnH08nHnvsWNLsWDdnkDkTHTKTHD_Pjc3n97exEDQnjTkP9DQnjTznHndTycYPhF-nWIbsyuBPWDVPAuhraY3n1NzsHTdnWDzrHbznj0vu9DKnTDKTHTKTHFhPHF6mvu6P1ckujTQnhD&tid=b46be27d-fb61-4ff8-8352-05212992076f&slotid=1002135
【合租】太阳宫 圣馨家园 4室主卧,圣馨家园,https://legoclick.58.com/cpaclick?target=szqBpB3draOWUvYf0A-80A7Guvq8uL-ds1nOPWnzPHNzn1NOP1DvXaO1pZwVUT7bsHbdPycLmWnOsH0vmWcVPARbmiY3mWbQsH7hPWnQuHD3rjwhrTDvPHEYnW9OPH9LrHDLPTDKn1bvn1cdPHc1PHbLnHmKPWTknjTkTHmknjTknTDLnjD1PTDQnWT1THDdP1TQrHTdPWbLPjmKnHEKwbnVNDnVmMRlIEDQTHDKTiYQTEDQnHNOPjTQPjmkPjmLP101PjEkTHTKnHDznW9lnWTkn7t1njTkTHcKPhEduH0OnWbVm1w6nzYYPyEQsH66uH9VrAn3PWuhnj6hnvEkTHDQP10Ln1m3nWmvrHEQPHcQrHcKnHDLP101PW9zPWm1PHE1nHb1P9DKPjc3n9DQTEDKsEDKTy6YIZK1rBtfmhC8PH98mvqVsLI6UhIJpyOMsLKGUMK6pyIfUhIOIit4Uy-80ZFGmvNqnWTkn7t1njTkTEDQnH08nHnvsWNLsWDdnkDkTHTKTHD_Pjc3n97exEDQnjTkP9DQnjTznHndTHFhujKhnWEYsHEQnHcVPAEduiY3m10LsHFBPjIWP1c1nyN1nkDKnTDKTHTKTyc1myRhrHNkmH-6nhcOPHb&tid=2fd0f244-4112-4d5e-8c77-2b47c7231e33&slotid=1002135
【合租】太阳宫 圣馨家园 4室主卧,圣馨家园,https://legoclick.58.com/cpaclick?target=szqBpB3draOWUvYf0A-80A7Guvq8uL-ds1nOPjbkPj0drHmOPW0kXaO1pZwVUT7bsHbdPycLmWnOsH0vmWcVPARbmiY3mWbQsH7hPWnQuHD3rjwhrTDvPHEYnW9OPH9LrHDLPTDKn1bYrHTYP1NOPWbvP1TKPWTknjTkTHmknjTknTDLnjD1PTDQnWT1THDdP1TQrHTdPWbLPjmKnHNKwbnVNDnVmMRlIEDQTHDKTiYQTEDQnHNOPjTQPjmkPjmLP101PjEkTHTKnHDznW9lnWTkn7t1njTkTHcKuHEQPHDvrAnVPhPbPaYYmvPbsyDLmycVujP-PAnzuWEYn19YTHDQP1nkrjDzPW0vPWndPHcdnHcKnHDLn1T3nHcvP1NOnWcYrHnYPTDKPjc3n9DQTEDKsEDKTy6YIZK1rBtfmhC8PH98mvqVsLI6UhIJpyOMsLKGUMK6pyIfUhIOIit4Uy-80ZFGmvNqnWTkn7t1njTkTEDQnH08nHnvsWNLsWDdnkDkTHTKTHD_Pjc3n97exEDQnjTkP9DQnjTznHndTH0kP1uBnhnYsH9dujEVPjR6uBdBuywbsH6-n10QnAmLmymku9DKnTDKTHTKTH0vPWb3PjNkPj7buhw6ryc&tid=7076b2c4-85d4-45af-bedd-8e3710f7af0f&slotid=1002135
【合租】太阳宫 圣馨家园 4室次卧,圣馨家园,https://legoclick.58.com/cpaclick?target=szqBpB3draOWUvYf0A-80A7Guvq8uL-ds1nOPWEdnHEvPHmYPjb1XaO1pZwVUT7bsHbdPycLmWnOsH0vmWcVPARbmiY3mWbQsH7hPWnQuHD3rjwhrTDvnWb1rH0kP1bLPjDdrTDKn1bvPjNQPjmdPWEYrHnKPWTknjTkTHmknjTknTDLnjD1PTDQnWT1THDdP1TQrHTdPWbLPjmKnHmKwbnVNDnVmMRlIEDQTHDKTiYQTEDQnHDLP1TvnW9dPW9OPWD3Pjn1THTKnHDznW9lnWTkn7t1njTkTHcKPANdnAmdPjnVm1ubriYYPW91sH6buHmVmvP-njmOPjn3rjnQTHDQP19QPjbdnHndrjEYPHbLP1mKnHDLrjDYrHNQn1NzPH01PHEzPTDKPjc3n9DQTEDKsEDKTy6YIZK1rBtfmhC8PH98mvqVsLI6UhIJpyOMsLKGUMK6pyIfUhIOIit4Uy-80ZFGmvNqnWTkn7t1njTkTEDQnH08nHnvsWNLsWDdnkDkTHTKTHD_Pjc3n97exEDQnjTkP9DQnjTznHndTyFhP1NOmymYsHNQmHTVPAR-uid6nANzsHR6mHcvrAcOnWD1m9DKnTDKTHTKTyw-uHF6PHEYmWckPhcdPyE&tid=bf759af4-51a0-4eee-a0e2-5aa268b9213b&slotid=1002135
【合租】太阳宫 圣馨家园 4室次卧,圣馨家园,https://legoclick.58.com/cpaclick?target=szqBpB3draOWUvYf0A-80A7Guvq8uL-ds1nOPjbkPj0drHmvnj93XaO1pZwVUT7bsHbdPycLmWnOsH0vmWcVPARbmiY3mWbQsH7hPWnQuHD3rjwhrTDvPHEYnW9OPH9LrHDLPTDKn1bYrHTYP1NOPWmkrj9KPWTknjTkTHmknjTknTDLnjD1PTDQnWT1THDdP1TQrHTdPWbLPjmKnH0KwbnVNDnVmMRlIEDQTHDKTiYQTEDQnHNOPjTQPjmkPjmLP101PjEkTHTKnHDznW9lnWTkn7t1njTkTHcKnAPhnycYnAEVPvn3PiYYPWmYsH6WuHNVuHEQPWTzuWK-mH0LTHDQP1nkrjDzPW01PWNLPHc3n1cKnHDLn1T3nHcvP1cOrjmYrjTvPTDKPjc3n9DQTEDKsEDKTy6YIZK1rBtfmhC8PH98mvqVsLI6UhIJpyOMsLKGUMK6pyIfUhIOIit4Uy-80ZFGmvNqnWTkn7t1njTkTEDQnH08nHnvsWNLsWDdnkDkTHTKTHD_Pjc3n97exEDQnjTkP9DQnjTznHndTHuBnAPBnycvsHD1uWTVPADznBY3PjEzsHI6P16-PjnOPjRbnkDKnTDKTHTKTyckmyw6nvcQrymYmynvnyD&tid=6b0cb1b6-13f0-4a22-8442-7a78e43945d3&slotid=1002135
【合租】太阳宫 圣馨家园 4室主卧,圣馨家园,https://legoclick.58.com/cpaclick?target=szqBpB3draOWUvYf0A-80A7Guvq8uL-ds1nOPWEdnHEvPHmYnWn1XaO1pZwVUT7bsHbdPycLmWnOsH0vmWcVPARbmiY3mWbQsH7hPWnQuHD3rjwhrTDvnWb1rH0kP1bLPjDdrTDKn1bvPjNQPjmdPWEzn1nKPWTknjTkTHmknjTknTDLnjD1PTDQnWT1THDdP1TQrHTdPWbLPjmKnH9KwbnVNDnVmMRlIEDQTHDKTiYQTEDQnHDLP1TvnW9dPW9OPWD3Pjn1THTKnHDznW9lnWTkn7t1njTkTHcKnHmQnHP-rymVPWcvmBYYry76syFBn1nVuANznjFBnhNduHPWTHDQP19QPjbdnHndrjEYPHNvrjTKnHDLrjDYrHNQn1NzPH01PHEzPEDKPjc3n9DQTEDKsEDKTy6YIZK1rBtfmhC8PH98mvqVsLI6UhIJpyOMsLKGUMK6pyIfUhIOIit4Uy-80ZFGmvNqnWTkn7t1njTkTEDQnH08nHnvsWNLsWDdnkDkTHTKTHD_Pjc3n97exEDQnjTkP9DQnjTznHndTHEkmWKBm1bLsHR6nW9VPjNOPzd6uAuBsH0vujbkrymQmvFhP9DKnTDKTHTKTH7WnvmLnvczmhRWuAELPHc&tid=40b0bc97-5a28-4597-adfb-76d909f1cbf6&slotid=1002135
【合租】太阳宫 圣馨家园 3室主卧,圣馨家园,https://legoclick.58.com/cpaclick?target=szqBpB3draOWUvYf0A-80A7Guvq8uL-ds1nOPjc3nWm3PHbOPHmkXaO1pZwVUT7bsHbdPycLmWnOsH0vmWcVPARbmiY3mWbQsH7hPWnQuHD3rjwhrTDvn1Ekn1mvrHmkPWDYrTDKn1bYnW9zPW9drHbdPWTKPWTknjTkTHmknjTknTDLnjD1PTDQnWT1THDdP1TQrHTdPWbLPj0KnHbKwbnVNDnVmMRlIEDQTHDKTiYQTEDQnHcdnW0dnHcQrjEvPHbOPW9kTHTKnHDznW9lnWTkn7t1njTkTHcKuWm1PvwhuWnVrj0LnaYYPhFbsyDvuAEVuyckmhnkmH-BmhNYTHDQP1DkPjc3PHmYPjmYP1mzrj9KnHDLnHTYnW9dPWnLrHnvP1EzPTDKPjc3n9DQTEDKsEDKTy6YIZK1rBtfmhC8PH98mvqVsLI6UhIJpyOMsLKGUMK6pyIfUhIOIit4Uy-80ZFGmvNqnWTkn7t1njTkTEDQnH08nHnvsWNLsWDdnkDkTHTKTHD_Pjc3n97exEDQnjTkP9DQnjTznHndTynQP1D1ryDzsycvPvNVPAm3PBdBPycvsHNYPj9kPjbvPj0QrTDKnTDKTHTKTHP6nvmLnyubn1R6nhEOPjT&tid=c17139a2-b67e-4f86-b5b6-544804964718&slotid=1002135
【合租】来广营 瑞平家园 4室主卧,瑞平家园,https://legoclick.58.com/cpaclick?target=szqBpB3draOWUvYf0A-80A7Guvq8uL-ds1nOPHNLPHckPWcLPjbzXaO1pZwVUT7bsHbdPycLmWnOsH0vmWcVPARbmiY3mWbQsH7hPWnQuHD3rjwhrTDvnWTzrjbQnWEYP1NkPkDKn1bdPH0dnWTvnW0YrHcKPWTknjTkTHmknjTknTDLnjD1PTDQnWT1THDdP1TQrHTdPWbLPj0KnWTKwbnVNDnVmMRlIEDQTHDKTiYQTEDQnHT1nHT3n1TLnj91PWT3njmYTHTKnHDznW9lnWTkn7t1njTkTHcKm1D3m1TQPjcVuyEvmiYYmHbzsH6WnhnVnWcdPvu6rj03PjNYTHDQP1NzP19Qrjm3nWbLnWDvnjTKnHDLPHcLrjD3PW0vPW9QnHD1P9DKPjc3n9DQTEDKsEDKTy6YIZK1rBtfmhC8PH98mvqVsLI6UhIJpyOMsLKGUMK6pyIfUhIOIit4Uy-80ZFGmvNqnWTkn7t1njTkTEDQnH08nHnvsWNLsWDdnkDkTHTKTHD_Pjc3n97exEDQnjTkP9DQnjTznHndTHKhmH91nHnksHmznjcVPAN3uiYOPjDksHbdmWPbmhN3mhm3u9DKnTDKTHTKTyE1uWFbn1NOPvmYujbYPWc&tid=0fa83130-6202-4e8e-9410-95b3dbe8bf8f&slotid=1002135
